userId,directory_name,a1,a2,a3,a4,a5,a6,a7,e1,e2,e3,llm,no_llm
a1eba540-c0b1-7047-0613-98a1815ad2ae,user_a1eba540-c0b1-7047-0613-98a1815ad2ae,0.967741935483871,0.98,0.8909090909090909,0.8777777777777778,0.9809523809523809,0.9203539823008849,0.9555555555555556,0.7775,0.96,0.83,0.9411764705882353,0.8558333333333333
11dbf510-3071-705c-f2d1-83420f60f130,user_11dbf510-3071-705c-f2d1-83420f60f130,1.0,1.0,1.0,1.0,0.9047619047619048,0.7964601769911505,0.9851851851851852,0.84,0.84,0.96,0.9443561208267091,0.88
c16b2580-e0d1-70dd-532d-007653cefda9,user_c16b2580-e0d1-70dd-532d-007653cefda9,0.9032258064516129,0.97,0.9272727272727272,0.9888888888888889,0.9047619047619048,0.8672566371681416,0.9259259259259259,0.7625,0.87,0.77,0.9268680445151033,0.8008333333333333
31ab1560-b091-7055-7307-da7f622a0e6b,user_31ab1560-b091-7055-7307-da7f622a0e6b,1.0,1.0,0.6909090909090909,0.9222222222222223,1.0,0.9292035398230089,0.9851851851851852,0.7725,0.9,0.86,0.9459459459459459,0.8441666666666666
81bb0570-e0e1-70e9-3e09-b26d835387b4,user_81bb0570-e0e1-70e9-3e09-b26d835387b4,0.9032258064516129,1.0,0.9636363636363636,1.0,0.9571428571428572,0.9292035398230089,0.9851851851851852,0.96,0.795,0.85,0.9689984101748808,0.8683333333333333
a1dba540-c071-705a-e705-3f35ce26988f,user_a1dba540-c071-705a-e705-3f35ce26988f,1.0,0.99,0.9818181818181818,0.9777777777777777,0.9809523809523809,0.8849557522123894,0.9777777777777777,0.72,0.955,0.9,0.9650238473767886,0.8583333333333333
b10b7510-d0b1-702f-66b3-3c1a07997d6d,user_b10b7510-d0b1-702f-66b3-3c1a07997d6d,0.967741935483871,0.96,0.9272727272727272,0.9666666666666667,1.0,0.911504424778761,0.9259259259259259,0.63,0.87,0.75,0.9491255961844197,0.75
f16b2520-6021-70ee-b980-7a50d804795d,user_f16b2520-6021-70ee-b980-7a50d804795d,1.0,0.98,0.9272727272727272,0.9888888888888889,0.9238095238095239,0.9557522123893806,0.9407407407407408,0.93,0.82,0.92,0.9554848966613673,0.89
e1bb25a0-d0b1-703c-dff4-aef708b16181,user_e1bb25a0-d0b1-703c-dff4-aef708b16181,0.9354838709677419,1.0,0.9363636363636364,1.0,0.0,0.9557522123893806,0.9259259259259259,0.915,0.6,0.92,0.800476947535771,0.8116666666666666
01ebb520-b0d1-709a-ca45-bb5b571f108f,user_01ebb520-b0d1-709a-ca45-bb5b571f108f,1.0,1.0,0.9272727272727272,0.9888888888888889,0.9809523809523809,1.0,1.0,0.9475,1.03,0.96,0.9888712241653418,0.9791666666666666
01eb9580-3071-70a9-01aa-f63e5dd14609,user_01eb9580-3071-70a9-01aa-f63e5dd14609,1.0,1.0,0.8909090909090909,0.8555555555555555,0.9428571428571428,1.0,0.8148148148148148,0.6525,0.77,0.58,0.9205087440381559,0.6675
113bc5a0-00c1-70a8-1558-53c8f78b1a99,user_113bc5a0-00c1-70a8-1558-53c8f78b1a99,1.0,0.98,0.9272727272727272,1.0,0.9809523809523809,0.9911504424778761,1.0,0.9,0.95,0.94,0.985691573926868,0.93
719b2530-2001-7002-244b-0c90ec1dc48d,user_719b2530-2001-7002-244b-0c90ec1dc48d,1.0,1.0,0.9454545454545454,0.9888888888888889,0.9809523809523809,0.9823008849557522,1.0,0.7475,0.835,0.94,0.9872813990461049,0.8408333333333333
61dba5f0-00f1-7082-7b9c-b35054207615,user_61dba5f0-00f1-7082-7b9c-b35054207615,0.9354838709677419,1.0,0.9090909090909091,0.9888888888888889,1.0,0.9823008849557522,1.0,0.7375,0.98,0.94,0.9841017488076311,0.8858333333333334
e1cb9560-4091-706e-840f-87a913394f9e,user_e1cb9560-4091-706e-840f-87a913394f9e,1.0,1.0,0.9818181818181818,1.0,0.9714285714285714,1.0,0.9925925925925926,0.855,0.99,0.96,0.9920508744038156,0.935
017b8560-6081-70e4-7303-6882d8635df0,user_017b8560-6081-70e4-7303-6882d8635df0,1.0,0.96,0.9454545454545454,1.0,0.9619047619047619,0.8938053097345132,1.0,0.83,0.825,0.88,0.9634340222575517,0.845
911b55d0-a0f1-70ac-25c2-07f9eaa08392,user_911b55d0-a0f1-70ac-25c2-07f9eaa08392,1.0,1.0,0.8727272727272727,1.0,0.9809523809523809,0.8495575221238938,0.9629629629629629,0.7775,0.88,0.86,0.9507154213036566,0.8391666666666666
e14bd5d0-0021-70f1-8b50-efac4033a68a,user_e14bd5d0-0021-70f1-8b50-efac4033a68a,1.0,0.88,0.8909090909090909,0.9555555555555556,0.9619047619047619,0.9026548672566371,0.9259259259259259,0.84,0.96,0.94,0.9252782193958664,0.9133333333333333
510b5580-60e1-7095-f35a-7fd78cd92cfe,user_510b5580-60e1-7095-f35a-7fd78cd92cfe,1.0,0.96,0.9272727272727272,0.9111111111111111,0.9809523809523809,0.9734513274336283,1.0,0.64,0.845,0.74,0.9666136724960255,0.7416666666666667
71cb15a0-d0f1-708c-82ad-a7312d9acb9b,user_71cb15a0-d0f1-708c-82ad-a7312d9acb9b,1.0,0.97,0.7818181818181819,0.9444444444444444,0.9809523809523809,0.9734513274336283,1.0,0.86,1.01,0.92,0.9602543720190779,0.93
a1fbb540-3041-70e7-def6-bcec00a31d99,user_a1fbb540-3041-70e7-def6-bcec00a31d99,1.0,0.92,0.9454545454545454,0.9888888888888889,0.9523809523809523,0.7787610619469026,0.9259259259259259,0.7525,0.805,0.84,0.9173290937996821,0.7991666666666667
311b2590-2041-700f-ce56-3226dd4728d9,user_311b2590-2041-700f-ce56-3226dd4728d9,0.967741935483871,0.94,1.0,0.9777777777777777,0.9714285714285714,0.9823008849557522,0.8740740740740741,0.93,1.025,0.98,0.9507154213036566,0.9783333333333334
413b75b0-a041-70ec-33cf-0b1eca35dd51,user_413b75b0-a041-70ec-33cf-0b1eca35dd51,0.967741935483871,0.99,0.9636363636363636,1.0,0.9523809523809523,0.8849557522123894,1.0,0.7325,0.86,0.96,0.9650238473767886,0.8508333333333333
41cb85f0-d081-708c-e151-e2b062eb0f1d,user_41cb85f0-d081-708c-e151-e2b062eb0f1d,1.0,1.0,0.9818181818181818,0.9777777777777777,0.9904761904761905,0.9823008849557522,1.0,0.895,0.88,0.87,0.9904610492845787,0.8816666666666667
f18bb5b0-d001-702f-a16a-a004877fccad,user_f18bb5b0-d001-702f-a16a-a004877fccad,1.0,1.0,1.0,1.0,1.0,0.9823008849557522,1.0,0.715,0.775,0.84,0.9968203497615262,0.7766666666666666
e14bd5c0-2091-70a1-3e0d-252a10bc1372,user_e14bd5c0-2091-70a1-3e0d-252a10bc1372,1.0,0.96,0.8181818181818182,0.9888888888888889,1.0,0.8761061946902655,1.0,0.7875,0.67,0.67,0.9538950715421304,0.7091666666666666
b17b05e0-3031-7053-8f2e-c462e449a396,user_b17b05e0-3031-7053-8f2e-c462e449a396,0.967741935483871,0.93,0.9272727272727272,0.9444444444444444,1.0,0.7610619469026548,0.9851851851851852,0.8875,0.94,0.86,0.9268680445151033,0.8958333333333334
811bc590-9011-705e-82d7-38a6c705a6c4,user_811bc590-9011-705e-82d7-38a6c705a6c4,1.0,0.98,0.9818181818181818,1.0,0.9904761904761905,0.9911504424778761,1.0,0.99,1.05,0.9,0.9920508744038156,0.98
813b4500-6031-701e-c56f-d60220a6081f,user_813b4500-6031-701e-c56f-d60220a6081f,1.0,1.0,0.9272727272727272,1.0,0.9714285714285714,1.0,1.0,0.8675,0.925,0.79,0.9888712241653418,0.8608333333333333
11dbd5f0-80a1-7076-d1aa-848948d336e3,user_11dbd5f0-80a1-7076-d1aa-848948d336e3,1.0,1.0,0.8909090909090909,0.9444444444444444,1.0,0.7876106194690266,0.8666666666666667,0.6625,0.695,0.85,0.9157392686804452,0.7358333333333333
c17b5520-f0b1-70c8-8bf1-0f5bd26a0cad,user_c17b5520-f0b1-70c8-8bf1-0f5bd26a0cad,1.0,1.0,0.8545454545454545,1.0,0.9809523809523809,0.9557522123893806,1.0,0.9525,0.955,0.91,0.9761526232114467,0.9391666666666667
c1ab8590-4021-709d-24e8-65c1ff2dac53,user_c1ab8590-4021-709d-24e8-65c1ff2dac53,1.0,0.95,0.9090909090909091,1.0,1.0,1.0,0.9925925925925926,0.81,0.83,0.93,0.9825119236883942,0.8566666666666667
b19b0560-c011-70d1-0a4f-c32cfa1ae4cd,user_b19b0560-c011-70d1-0a4f-c32cfa1ae4cd,0.9032258064516129,0.98,0.8818181818181818,1.0,0.9619047619047619,0.8761061946902655,1.0,0.77,0.95,0.8,0.9531001589825119,0.84
415b45e0-c021-70ec-1015-5db26e8e37a8,user_415b45e0-c021-70ec-1015-5db26e8e37a8,0.9032258064516129,0.91,0.8,0.0,0.9809523809523809,0.8938053097345132,0.9259259259259259,0.755,0.745,0.77,0.7821939586645469,0.7566666666666667
b1abe580-4091-7066-5da1-2ce6aa6d0e3b,user_b1abe580-4091-7066-5da1-2ce6aa6d0e3b,1.0,1.0,0.8909090909090909,0.9777777777777777,0.9619047619047619,0.9823008849557522,1.0,0.95,1.05,0.96,0.9777424483306836,0.9866666666666667
a1fb3570-f021-705f-6d23-353ec8617ab4,user_a1fb3570-f021-705f-6d23-353ec8617ab4,1.0,0.98,0.9636363636363636,1.0,0.9428571428571428,0.8938053097345132,0.9925925925925926,0.8825,0.92,0.81,0.9634340222575517,0.8708333333333333
a1fbd5d0-e0e1-7054-7a08-05c01f9a74b1,user_a1fbd5d0-e0e1-7054-7a08-05c01f9a74b1,0.9032258064516129,0.86,0.7636363636363637,0.9222222222222223,0.9333333333333333,0.8495575221238938,0.9629629629629629,0.6725,0.705,0.81,0.8950715421303657,0.7291666666666666
81eb45d0-00d1-7089-fd06-0ffbbe5e2c7a,user_81eb45d0-00d1-7089-fd06-0ffbbe5e2c7a,1.0,1.0,0.7636363636363637,1.0,0.9428571428571428,0.9380530973451328,1.0,0.665,0.935,0.84,0.958664546899841,0.8133333333333334
d1cb95b0-3071-70d0-f547-ba55b3123783,user_d1cb95b0-3071-70d0-f547-ba55b3123783,1.0,0.97,0.9636363636363636,1.0,0.9809523809523809,0.9646017699115044,1.0,0.745,0.785,0.96,0.9825119236883942,0.83
e18b6520-b0e1-70b8-ec64-a69aa95d052f,user_e18b6520-b0e1-70b8-ec64-a69aa95d052f,1.0,0.96,0.8363636363636363,1.0,0.9523809523809523,1.0,0.9259259259259259,0.7775,0.815,0.84,0.9554848966613673,0.8108333333333333
c1fbd5c0-a001-70fd-355d-eb03b3584e47,user_c1fbd5c0-a001-70fd-355d-eb03b3584e47,1.0,1.0,1.0,1.0,0.9619047619047619,1.0,1.0,0.86,0.75,0.86,0.9936406995230525,0.8233333333333334
117bf560-5011-70e9-de01-b833f5651c83,user_117bf560-5011-70e9-de01-b833f5651c83,1.0,0.94,0.9636363636363636,1.0,0.9714285714285714,1.0,0.9777777777777777,0.94,0.855,0.88,0.9777424483306836,0.8916666666666667
01ebf5c0-7001-7089-68b3-ebba941641c4,user_01ebf5c0-7001-7089-68b3-ebba941641c4,1.0,0.98,0.9818181818181818,1.0,0.9619047619047619,0.9823008849557522,0.9777777777777777,0.96,0.93,0.94,0.9809220985691574,0.9433333333333334
91fb2530-b051-70f2-9bbb-1733c381bfbc,user_91fb2530-b051-70f2-9bbb-1733c381bfbc,0.967741935483871,0.69,0.7818181818181819,0.3,0.9523809523809523,0.8938053097345132,0.8148148148148148,0.555,0.865,0.83,0.7631160572337043,0.75
410b95f0-5061-701c-4a3c-9930963ae77f,user_410b95f0-5061-701c-4a3c-9930963ae77f,1.0,0.98,0.8363636363636363,1.0,1.0,0.9026548672566371,0.9851851851851852,0.75,0.91,0.76,0.9618441971383148,0.8066666666666666
619bd5c0-3031-70df-5cbd-c3b6d763d84b,user_619bd5c0-3031-70df-5cbd-c3b6d763d84b,1.0,1.0,1.0,1.0,1.0,0.9823008849557522,0.9851851851851852,0.7125,0.965,0.87,0.9936406995230525,0.8491666666666666
81fbd560-90f1-70a6-16ea-d6a5ac61b239,user_81fbd560-90f1-70a6-16ea-d6a5ac61b239,1.0,0.98,0.9272727272727272,1.0,0.9809523809523809,0.9292035398230089,0.8888888888888888,0.98,0.93,0.92,0.9507154213036566,0.9433333333333334
f1abd540-a0f1-70c2-5c22-206895f355ca,user_f1abd540-a0f1-70c2-5c22-206895f355ca,1.0,0.96,0.9181818181818182,0.9,0.9428571428571428,1.0,0.9777777777777777,0.885,0.95,0.89,0.9578696343402225,0.9083333333333333
c16b0500-b021-70a6-5bdc-2c3e5e0472c6,user_c16b0500-b021-70a6-5bdc-2c3e5e0472c6,1.0,1.0,0.8909090909090909,0.9777777777777777,0.9238095238095239,1.0,0.9851851851851852,0.8675,1.01,0.92,0.9713831478537361,0.9325
a13b5500-0021-7047-dba8-89607721af5d,user_a13b5500-0021-7047-dba8-89607721af5d,0.967741935483871,0.98,0.9454545454545454,1.0,0.9714285714285714,0.9734513274336283,1.0,0.93,0.985,0.98,0.9809220985691574,0.965
411be510-8031-7076-69a0-27626d9dd276,user_411be510-8031-7076-69a0-27626d9dd276,1.0,1.0,0.8545454545454545,0.9444444444444444,0.9809523809523809,0.9026548672566371,0.9777777777777777,0.735,0.96,0.96,0.9538950715421304,0.885
91cb75e0-00e1-70ae-d581-d5924359d3b1,user_91cb75e0-00e1-70ae-d581-d5924359d3b1,1.0,0.92,0.7090909090909091,0.9222222222222223,0.8952380952380953,0.8584070796460177,1.0,0.635,0.735,0.57,0.9077901430842608,0.6466666666666666
c11bd560-50c1-70ac-8129-15966669f4ae,user_c11bd560-50c1-70ac-8129-15966669f4ae,1.0,0.99,0.9454545454545454,0.7888888888888889,1.0,1.0,0.8518518518518519,0.8325,0.935,0.92,0.931637519872814,0.8958333333333334
31db5580-10e1-70d5-9f5c-004b166ac03c,user_31db5580-10e1-70d5-9f5c-004b166ac03c,1.0,0.96,0.9454545454545454,1.0,1.0,0.9026548672566371,0.9925925925925926,0.885,1.01,0.98,0.9697933227344993,0.9583333333333334
217b8540-6011-7086-a648-de542f534c22,user_217b8540-6011-7086-a648-de542f534c22,1.0,0.91,0.8909090909090909,1.0,1.0,0.8938053097345132,1.0,0.575,0.78,0.88,0.9570747217806042,0.745
f1cba540-a0d1-70b2-f94d-ddac74add408,user_f1cba540-a0d1-70b2-f94d-ddac74add408,0.9032258064516129,1.0,0.8181818181818182,0.9888888888888889,0.9714285714285714,0.8761061946902655,0.9703703703703703,0.8675,0.76,0.68,0.9443561208267091,0.7691666666666667
e12ba500-f0e1-70f2-73ab-05c1cbc44b76,user_e12ba500-f0e1-70f2-73ab-05c1cbc44b76,1.0,1.0,1.0,1.0,0.9523809523809523,0.9823008849557522,0.9333333333333333,0.82,0.855,0.72,0.9745627980922098,0.7983333333333333
019be580-4061-7075-debb-ffd77dc8ca40,user_019be580-4061-7075-debb-ffd77dc8ca40,1.0,0.82,0.9090909090909091,1.0,0.9809523809523809,0.9911504424778761,0.9259259259259259,0.89,0.88,0.86,0.9427662957074722,0.8766666666666667
e16b9530-e031-70ad-d225-033f2f45a27d,user_e16b9530-e031-70ad-d225-033f2f45a27d,1.0,0.99,0.9272727272727272,0.8555555555555555,0.9809523809523809,0.911504424778761,1.0,0.69,0.75,0.9,0.9523052464228935,0.78
711b6580-50d1-70c7-2c33-364aab9519a1,user_711b6580-50d1-70c7-2c33-364aab9519a1,1.0,0.98,1.0,0.9777777777777777,0.9809523809523809,0.9557522123893806,0.9777777777777777,0.75,0.91,0.92,0.9777424483306836,0.86
41bbf590-9091-7030-9e14-d33b01f1aae6,user_41bbf590-9091-7030-9e14-d33b01f1aae6,1.0,1.0,0.9818181818181818,1.0,0.9619047619047619,0.9823008849557522,0.9925925925925926,0.98,1.01,1.0,0.9872813990461049,0.9966666666666667
d1bb4520-5021-700b-e6c7-ba9f0d11e538,user_d1bb4520-5021-700b-e6c7-ba9f0d11e538,1.0,0.98,0.9272727272727272,0.9777777777777777,1.0,0.8938053097345132,0.9185185185185185,0.75,0.81,0.81,0.9507154213036566,0.79
e17b7530-3021-70d1-5891-3515d4c26ec6,user_e17b7530-3021-70d1-5891-3515d4c26ec6,1.0,0.98,0.9636363636363636,0.9888888888888889,0.9523809523809523,0.9380530973451328,0.9925925925925926,0.9025,0.99,0.9,0.9713831478537361,0.9308333333333333
e19bc5d0-4021-7079-8270-a5b48b2ed74f,user_e19bc5d0-4021-7079-8270-a5b48b2ed74f,1.0,1.0,1.0,1.0,0.9904761904761905,1.0,1.0,0.99,1.02,0.98,0.9984101748807631,0.9966666666666667
31fbe520-0061-70e7-7783-8fdc38bd09fd,user_31fbe520-0061-70e7-7783-8fdc38bd09fd,1.0,1.0,0.8545454545454545,1.0,0.9714285714285714,0.9026548672566371,0.9851851851851852,0.72,0.93,0.96,0.9618441971383148,0.87
61bb4560-e0e1-70b5-d308-ad58511a0fc5,user_61bb4560-e0e1-70b5-d308-ad58511a0fc5,1.0,1.0,0.9090909090909091,1.0,0.9428571428571428,0.9469026548672567,0.8888888888888888,0.81,0.855,0.94,0.9491255961844197,0.8683333333333333
917bc500-1061-70c3-4dd4-f053938b1826,user_917bc500-1061-70c3-4dd4-f053938b1826,0.9354838709677419,0.98,0.8181818181818182,0.9666666666666667,0.9047619047619048,0.8584070796460177,0.9851851851851852,0.785,1.03,0.98,0.9284578696343402,0.9316666666666666
31eb05d0-70d1-7020-6a3e-bc223a1d6165,user_31eb05d0-70d1-7020-6a3e-bc223a1d6165,0.9354838709677419,0.94,0.9090909090909091,0.9666666666666667,0.8476190476190476,0.8672566371681416,0.8888888888888888,0.7675,0.72,0.74,0.9014308426073132,0.7425
915b1540-40a1-709f-69ee-13ca3e80fcf2,user_915b1540-40a1-709f-69ee-13ca3e80fcf2,0.8709677419354839,0.86,0.14545454545454545,0.4666666666666667,0.8571428571428571,0.6460176991150443,0.0,0.4025,0.0,0.61,0.5182829888712241,0.3375
812b15e0-7001-7072-351b-af5182106bba,user_812b15e0-7001-7072-351b-af5182106bba,1.0,0.98,0.8818181818181818,0.9444444444444444,0.9809523809523809,1.0,1.0,0.9425,0.905,0.85,0.9753577106518283,0.8991666666666667
91ab45a0-6011-7078-f1e9-b3a94075f7b7,user_91ab45a0-6011-7078-f1e9-b3a94075f7b7,1.0,0.96,0.9818181818181818,0.9777777777777777,0.9619047619047619,0.9026548672566371,1.0,0.925,0.94,0.86,0.9650238473767886,0.9083333333333333
a10bd580-0091-709a-49e7-6e9c96ea58c6,user_a10bd580-0091-709a-49e7-6e9c96ea58c6,0.9354838709677419,0.96,0.6909090909090909,1.0,0.9523809523809523,1.0,0.9851851851851852,0.83,0.92,0.88,0.9523052464228935,0.8766666666666667
f1cbc5b0-a0b1-7062-ca17-580f39de4c83,user_f1cbc5b0-a0b1-7062-ca17-580f39de4c83,1.0,1.0,0.9090909090909091,0.9777777777777777,0.9619047619047619,0.9646017699115044,0.8962962962962963,0.9,0.86,0.96,0.9538950715421304,0.9066666666666666
b12b4550-8001-70f9-71be-240eab8f838e,user_b12b4550-8001-70f9-71be-240eab8f838e,1.0,0.86,0.6909090909090909,0.8555555555555555,0.8761904761904762,0.6637168141592921,0.9851851851851852,0.57,1.0,0.86,0.8457869634340223,0.81
312b35d0-2051-7020-d5a8-cf5e4a3d2b40,user_312b35d0-2051-7020-d5a8-cf5e4a3d2b40,1.0,1.0,0.9272727272727272,0.9111111111111111,0.9714285714285714,0.8938053097345132,0.9629629629629629,0.915,1.01,0.89,0.9491255961844197,0.9383333333333334
d17b4550-a0d1-7014-38bf-d8d68777c4f4,user_d17b4550-a0d1-7014-38bf-d8d68777c4f4,1.0,1.0,0.9818181818181818,1.0,0.9952380952380953,0.9823008849557522,0.9555555555555556,0.8625,0.905,0.86,0.9848966613672496,0.8758333333333334
611bf540-9091-708a-926e-51ff59cf9473,user_611bf540-9091-708a-926e-51ff59cf9473,0.967741935483871,0.98,0.8181818181818182,0.9555555555555556,0.9714285714285714,0.9203539823008849,0.9777777777777777,0.6775,0.765,0.92,0.9491255961844197,0.7875
219b2590-e041-704c-6a88-f3a3366c6cc5,user_219b2590-e041-704c-6a88-f3a3366c6cc5,1.0,1.0,0.9272727272727272,1.0,0.9619047619047619,0.9823008849557522,0.9851851851851852,0.94,1.01,0.95,0.9809220985691574,0.9666666666666667
81cbb5e0-9011-7077-7e4e-7aca1564666c,user_81cbb5e0-9011-7077-7e4e-7aca1564666c,1.0,0.94,0.9818181818181818,0.9888888888888889,0.9809523809523809,0.9026548672566371,0.9629629629629629,0.78,0.945,0.92,0.958664546899841,0.8816666666666667
218b1530-20e1-701a-ba31-9c86c7da05bc,user_218b1530-20e1-701a-ba31-9c86c7da05bc,1.0,0.96,0.9272727272727272,0.9777777777777777,1.0,0.911504424778761,0.8814814814814815,0.865,0.845,0.91,0.9427662957074722,0.8733333333333333
c17b75e0-00a1-7042-14cc-ebf9cec71595,user_c17b75e0-00a1-7042-14cc-ebf9cec71595,1.0,1.0,0.9636363636363636,1.0,1.0,0.9646017699115044,1.0,0.865,0.94,0.88,0.9904610492845787,0.895
310bd5d0-6061-7098-d41e-41b982248427,user_310bd5d0-6061-7098-d41e-41b982248427,1.0,1.0,0.9636363636363636,0.9666666666666667,0.9333333333333333,0.9823008849557522,1.0,0.46,0.87,0.91,0.9777424483306836,0.7466666666666667
f11bc560-6081-70ae-2949-07ca788f237b,user_f11bc560-6081-70ae-2949-07ca788f237b,1.0,0.98,0.9818181818181818,0.9444444444444444,0.9809523809523809,0.8761061946902655,0.9851851851851852,0.95,0.9,0.91,0.958664546899841,0.92
01cbf550-9041-70f1-3bbe-92176ffa992e,user_01cbf550-9041-70f1-3bbe-92176ffa992e,0.9032258064516129,1.0,1.0,1.0,0.9714285714285714,0.9734513274336283,0.9703703703703703,0.89,1.03,0.88,0.9793322734499205,0.9333333333333333
014b6540-3041-705c-365b-d2029fb91b21,user_014b6540-3041-705c-365b-d2029fb91b21,1.0,0.98,0.8,0.9555555555555556,0.9428571428571428,0.6991150442477876,0.8444444444444444,0.6875,0.83,0.66,0.875993640699523,0.7258333333333333
311bb5b0-8031-704a-d26b-1a35da2044f9,user_311bb5b0-8031-704a-d26b-1a35da2044f9,0.9032258064516129,0.98,0.8727272727272727,0.9,0.8666666666666667,0.8672566371681416,0.9777777777777777,0.92,0.935,0.93,0.9157392686804452,0.9283333333333333
f14be5c0-d081-70bb-548b-5d9ea05cc289,user_f14be5c0-d081-70bb-548b-5d9ea05cc289,1.0,1.0,0.9454545454545454,0.9666666666666667,0.9904761904761905,1.0,1.0,0.92,0.965,0.92,0.9888712241653418,0.935
510bd5a0-3041-7058-e2cf-5c09d3db1009,user_510bd5a0-3041-7058-e2cf-5c09d3db1009,1.0,0.6,0.8545454545454545,0.9333333333333333,0.9809523809523809,0.9911504424778761,0.9851851851851852,0.73,0.755,0.8,0.9062003179650239,0.7616666666666667
11cb7520-40f1-70ca-46b8-915a77bae7de,user_11cb7520-40f1-70ca-46b8-915a77bae7de,0.8709677419354839,0.79,0.8181818181818182,0.9,0.9714285714285714,0.0,0.8,0.8825,0.845,0.67,0.7027027027027027,0.7991666666666667
b1cb15d0-c071-70b9-1731-442bca494a97,user_b1cb15d0-c071-70b9-1731-442bca494a97,0.8709677419354839,1.0,0.8363636363636363,0.9777777777777777,0.9428571428571428,0.8495575221238938,0.8074074074074075,0.7525,0.735,0.71,0.8982511923688394,0.7325
e1fbb500-50c1-7067-3f5b-f2a306231361,user_e1fbb500-50c1-7067-3f5b-f2a306231361,0.9354838709677419,1.0,0.9272727272727272,1.0,0.9619047619047619,0.9203539823008849,1.0,0.825,0.935,0.98,0.9697933227344993,0.9133333333333333
817b9500-8071-700f-6d35-00db749ffca6,user_817b9500-8071-700f-6d35-00db749ffca6,1.0,0.96,0.9636363636363636,1.0,0.9523809523809523,0.9469026548672567,1.0,0.77,0.87,0.96,0.972972972972973,0.8666666666666667
c10ba560-5051-7080-335e-1e8aaac1f227,user_c10ba560-5051-7080-335e-1e8aaac1f227,1.0,1.0,0.8545454545454545,0.9555555555555556,0.9809523809523809,0.9823008849557522,0.9703703703703703,0.805,0.845,0.89,0.9682034976152624,0.8466666666666667
a1ebb500-9081-70a6-c0d9-6fc5a9b63b7d,user_a1ebb500-9081-70a6-c0d9-6fc5a9b63b7d,1.0,1.0,0.8545454545454545,1.0,1.0,0.911504424778761,0.8148148148148148,0.8175,0.885,0.81,0.931637519872814,0.8375
61abe5e0-d021-7066-78e5-8732da2c09a0,user_61abe5e0-d021-7066-78e5-8732da2c09a0,1.0,1.0,0.9272727272727272,1.0,0.9714285714285714,0.8849557522123894,0.9925925925925926,0.8825,0.885,0.82,0.9666136724960255,0.8625
a1eb05a0-7031-707b-b065-0f30c86f0a6e,user_a1eb05a0-7031-707b-b065-0f30c86f0a6e,0.967741935483871,0.94,0.8545454545454545,1.0,1.0,0.9026548672566371,0.9851851851851852,0.95,0.98,0.99,0.9554848966613673,0.9733333333333334
516b7570-00e1-700e-b368-e544714cb230,user_516b7570-00e1-700e-b368-e544714cb230,1.0,1.0,0.8909090909090909,1.0,1.0,0.9823008849557522,0.9259259259259259,0.8375,0.93,0.82,0.9713831478537361,0.8625
312b7500-f041-709a-6408-6f3b6222555b,user_312b7500-f041-709a-6408-6f3b6222555b,0.9354838709677419,0.96,0.8909090909090909,1.0,0.9047619047619048,0.8584070796460177,0.9777777777777777,0.87,0.96,0.94,0.9348171701112877,0.9233333333333333
61eb0590-9001-70e9-9ded-e189346bd845,user_61eb0590-9001-70e9-9ded-e189346bd845,1.0,0.98,0.9272727272727272,0.9333333333333333,0.9904761904761905,0.9823008849557522,1.0,0.7925,0.96,0.95,0.9761526232114467,0.9008333333333334
c15ba5f0-4051-708c-e082-cb7682fd01b2,user_c15ba5f0-4051-708c-e082-cb7682fd01b2,0.8709677419354839,0.96,0.9818181818181818,0.0,0.7047619047619048,0.6460176991150443,0.8888888888888888,0.655,0.715,0.61,0.7058823529411765,0.66
618b3510-8031-705d-7448-12d2783e3064,user_618b3510-8031-705d-7448-12d2783e3064,1.0,1.0,0.9636363636363636,1.0,1.0,0.9734513274336283,0.9851851851851852,0.92,0.82,0.66,0.9888712241653418,0.8
b14bd5f0-0011-704d-7e86-b55f1b5f014a,user_b14bd5f0-0011-704d-7e86-b55f1b5f014a,1.0,0.94,0.9090909090909091,0.9777777777777777,0.9523809523809523,0.9292035398230089,0.8888888888888888,0.855,0.935,0.98,0.9348171701112877,0.9233333333333333
c16be560-e061-709d-a447-5a0779910084,user_c16be560-e061-709d-a447-5a0779910084,1.0,1.0,0.9272727272727272,1.0,0.9809523809523809,0.9292035398230089,0.9851851851851852,0.92,0.98,0.89,0.9745627980922098,0.93
41eb6500-1081-7006-138f-298c1f0f89f5,user_41eb6500-1081-7006-138f-298c1f0f89f5,1.0,1.0,0.9454545454545454,0.9111111111111111,1.0,0.9292035398230089,0.9259259259259259,0.72,0.985,0.97,0.9538950715421304,0.8916666666666667
919be590-7081-7003-3cef-906e621826ff,user_919be590-7081-7003-3cef-906e621826ff,1.0,1.0,0.9636363636363636,1.0,1.0,1.0,0.6296296296296297,0.875,0.86,0.98,0.9173290937996821,0.905
211b0520-f0e1-7015-0094-4310c79ba2e6,user_211b0520-f0e1-7015-0094-4310c79ba2e6,0.967741935483871,1.0,0.9818181818181818,0.9777777777777777,1.0,0.9203539823008849,0.8962962962962963,0.92,0.76,0.71,0.9570747217806042,0.7966666666666666
411bd580-f051-7091-c64b-39f944fda7b6,user_411bd580-f051-7091-c64b-39f944fda7b6,1.0,0.98,0.8,1.0,1.0,0.9026548672566371,0.9925925925925926,0.94,0.91,0.8,0.9602543720190779,0.8833333333333333
61bbc5f0-2041-7061-260b-a4d10ca29e45,user_61bbc5f0-2041-7061-260b-a4d10ca29e45,1.0,1.0,0.9636363636363636,0.9888888888888889,1.0,0.9469026548672567,1.0,0.93,1.05,0.91,0.985691573926868,0.9633333333333334
617b2500-4071-70e9-29f1-b4c4ce63bfaa,user_617b2500-4071-70e9-29f1-b4c4ce63bfaa,1.0,1.0,0.8909090909090909,0.9777777777777777,1.0,0.9734513274336283,0.9925925925925926,0.865,0.87,1.0,0.9809220985691574,0.9116666666666666
d17b0530-40c1-7051-3339-0d2a5bb89823,user_d17b0530-40c1-7051-3339-0d2a5bb89823,1.0,0.94,0.9636363636363636,0.8111111111111111,1.0,0.9026548672566371,0.9333333333333333,0.87,1.01,0.92,0.9284578696343402,0.9333333333333333
f17ba530-1081-709f-a59d-3f05cc7fb431,user_f17ba530-1081-709f-a59d-3f05cc7fb431,1.0,1.0,0.9454545454545454,1.0,0.9238095238095239,1.0,0.9777777777777777,0.9475,0.86,0.87,0.9777424483306836,0.8925
